key,group,what,now,measured,drives,matters
F1,1. FlyCatcher window unit flycatcher_window/,SMA jack body height: depth rod from the flat top of the gold jack body down to the board's top edge (each jack),1.3 EST,1.45,top-wall inner face (the wall sits on the jack bodies),±0.2
F2,1. FlyCatcher window unit flycatcher_window/,Reference: exposed SMA thread with an antenna fully seated (jack body to the antenna nut face),6.16 MEAS,,wall 5.6 + 0.5 nylon washer,must stay ≥ 6.1
F3,1. FlyCatcher window unit flycatcher_window/,"SMA jack centres from the board's left edge (front view): both jacks, jaws on the edge to the thread's centre",12.4 / 43.6 EST,13.25,split-bulkhead holes 6.6,±0.3
F4,1. FlyCatcher window unit flycatcher_window/,"Standoff thread: try an M2.5 screw in a standoff's free end; if it is loose, try M3",M2.5 EST,,base holes 2.9 (M3 → 3.4),exact
F5,1. FlyCatcher window unit flycatcher_window/,Standoff length: board back face to the standoff's free end,11 EST,,"board-to-back-wall gap, M6 head clearance (3.4)",±0.3
F6,1. FlyCatcher window unit flycatcher_window/,"Reference: hole pattern centre-to-centre, along the header and across",58 × 49 MEAS,,base screw holes,±0.3
F7,1. FlyCatcher window unit flycatcher_window/,LNA button height: top of each white cap above the board front face,9.5 EST,16.93,lid clearance (10.5 to the inner face),must be ≤ 10
F8,1. FlyCatcher window unit flycatcher_window/,LNA button centres: from the left edge (both) and down from the top edge,"23.1, 33.7 / 4.5 EST",3.85,Ø 7.4 button holes in the lid,±0.5
F9,1. FlyCatcher window unit flycatcher_window/,"LED cluster round the airplane icon: centre from the left edge / top edge. Easier: photograph the board powered on, square-on, with a ruler beside it",27.9 / 19.6 EST,18.61,LED window 12 × 9 + 4 light pipes,±0.5
F10,1. FlyCatcher window unit flycatcher_window/,"Micro-USB receptacle centres from the left edge (ADS-B OUT, UAT OUT)",20.95 / 35.05 EST,21.15mm,"bottom-wall openings, hood pockets",±0.3
F11,1. FlyCatcher window unit flycatcher_window/,Micro-USB plug body: widest W × thickest T of the moulding (both leads),10.5 × 6.5 EST,9.55 x 7.45,"openings 10.9 × 6.9, hood pockets",+0.4 max
F12,1. FlyCatcher window unit flycatcher_window/,Micro-USB plug body length: from where the metal shell enters the moulding to the end of the boot,14 EST,18.12,"hood pocket depth (traps the plug), tie position",±1
F13,1. FlyCatcher window unit flycatcher_window/,"Micro-USB lead diameter, just behind the boot",3.5 EST,5.61,hood lead slots 4.0,slot ≥ lead + 0.3
F14,1. FlyCatcher window unit flycatcher_window/,"Flange overall length, over both screw lobes",61 EST,62.96,adapter pocket (outline + 0.4),±0.3
F15,1. FlyCatcher window unit flycatcher_window/,"Flange screw centres: countersunk head to countersunk head, centre to centre",48 EST,39.85,pocket lobe positions,±0.3
F16,1. FlyCatcher window unit flycatcher_window/,"Flange width across the centre, square to F14",34 EST,,pocket width,±0.3
F17,1. FlyCatcher window unit flycatcher_window/,Flange plate thickness at a lobe edge,4.5 EST (pocket 3.5),6.12,pocket depth (keys the outline),≥ 3.5
F18,1. FlyCatcher window unit flycatcher_window/,Raised centre disc diameter,27 EST,,disc relief Ø 27.8,must be ≤ 27.6
F19,1. FlyCatcher window unit flycatcher_window/,Disc height above the flange plate (depth rod),2.0 EST (relief 1.7),1,"the disc bears, the plate runs 0.3 clear",±0.2
F20,1. FlyCatcher window unit flycatcher_window/,"Cup height: cup rim flat on the table, up to the flange top face",62 EST,,glass-to-antenna standoff (82),±2
F21,1. FlyCatcher window unit flycatcher_window/,"Cup screw (M6 × 19): threaded length under the head. Fully threaded, or a plain shank first?",19 assumed,,"11.0 engaged, 1.34 to the bottom",thread ≥ 11
F22,1. FlyCatcher window unit flycatcher_window/,Reference: cup thread depth (19 − 6.66 left showing when bottomed),12.34 MEAS,,grip stack 8.0,—
F23,1. FlyCatcher window unit flycatcher_window/,"Antenna length, nut face to tip (straight)",78 EST,184,clearance under the window frame,±3
F24,1. FlyCatcher window unit flycatcher_window/,"In the aircraft: window spot to the lanyard anchor (seat-belt anchor or cage), tape measure",—,,lanyard length (≤ ~100 slack),±20