part_number,description,length_mm_per_piece,qty,unit_price_usd,line_total_usd,notes
20-2020-Black-FB,"20 Series 20x20 T-slot profile, 4 open slots, black anodized, CUT TO LENGTH 300 mm (M01, M02 bottom longs)",300,2,9.8400,19.68,price = $0.0328/mm x 300; +$3.00 cut charge per piece (see line 'CUT'); verified 8020.net 2026-09-21
20-2020-Black-FB,"same profile, CUT TO LENGTH 140 mm (M09, M10 top end ties)",140,2,4.5920,9.18,verified 8020.net 2026-09-21
20-2020-Black-FB,"same profile, CUT TO LENGTH 130 mm (M03, M04 bottom end members - 5 mm short of the longs each side so the Core / battery tray walls pass through to the inner-slot track; joined by the corner brackets, which span the gap)",130,2,4.2640,8.53,verified 8020.net 2026-09-21; changed from 140 on 2026-09-22 for the end-loading Core path
20-2020-Black-FB,"same profile, CUT TO LENGTH 100 mm (M05-M08 corner posts; M11-M14 mullions)",100,8,3.2800,26.24,verified 8020.net 2026-09-21
CUT,"80/20 cut-to-length charge, one per piece (14 pieces)",,14,3.00,42.00,'*cut charge of $3.00' on the profile page; cut tolerance NOT published on the product page - VERIFY on the order form (80/20 commonly quotes +/-0.4 mm class); cut faces are unanodized by nature
20-4119-Black,"20 Series 2-hole inside corner bracket, black anodized 6063-T6 (20 x 20 x 18, 3 mm)",,24,7.55,181.20,verified 8020.net; 4 bottom corners + 8 post feet (2 planes) + 4 post tops + 8 mullion feet (both sides); pack sizes 10/25/50 or custom qty; longer lead (black anodize)
75-3581,"Bolt assembly: M5 x 8 black BHSCS (11-5308) + M5 slide-in economy T-nut block (14122), bright zinc",,53,0.90,47.70,"verified 8020.net; 2 per bracket = 48, +10 % spare = 53; M5x8 through the 3 mm bracket into the 3 mm T-nut thread = 80/20's suggested bracket hardware"
14122,"M5 slide-in economy T-nut block, 20 Series, steel, bright zinc (9 x 9 x 3)",,30,0.37,11.10,"verified 8020.net; 8 yoke plates + 5 cartridges + 2 Core tray + 1 battery latch + 2 louver + 2 IMU = 20, +10 % = 22, +8 PRE-LOADED in the slots before end caps go on (there is NO 20-series drop-in T-nut on 8020.net - 14164 is 10/25 series M4, 13116 is 15/40 M5, 13115 is 30 M5, 13127 is 45 M5)"
11-5312,"M5 x 12 button head socket cap screw, black zinc, full thread",,12,0.59,7.08,verified 8020.net; cartridge / Core / battery / louver retention through a 6 mm printed lug + washer into 14122 (12 - 6 - 1 washer = 5 mm into the 3 mm nut: OK). Captive knurled thumbscrews are NOT an 80/20 item - buy generic M5x12 knurled + e-clip; these are the fallback
11-5310,"M5 x 10 button head socket cap screw, black zinc",,9,0.56,5.04,verified 8020.net; 8 for the two 5 mm Al rod-yoke plates into 14122 (10 - 5 = 5 mm engagement) +1 spare
12305,"20 Series 20x20 end cap, black ABS, molded push-in stem",,10,1.12,11.20,"verified 8020.net (black, matte); 4 bottom-long ends + 4 mullion tops = 8, +2 spare. Posts, ties and bottom ends abut other members - no cap"
TOTAL,"black-anodized frame as listed, before tax/shipping",,,,368.95,8020.net prices read 2026-09-21; black profile + black brackets carry the 'Products Requiring Additional Anodizing' lead time
